id,city,status,geometry
1;STHLM;1;[18.05767,59.33464]
2;STHLM;1;[18.02549,59.34452]
3;STHLM;1;[18.05064,59.35379]
4;STHLM;1;[18.05015,59.32663]
5;STHLM;1;[18.06541,59.33168]
